"Reference","Description","Qty","LCSC Part","Value","Footprint","Datasheet","package","temp_coefficient","tolerance","voltage","Manufacturer"
"C1","Ceramic Capacitor, SMD","1","C1525","100nF","JLCPCB:C0402","https://lcsc.com/product-detail/Multilayer-Ceramic-Capacitors-MLCC-SMD-SMT_SAMSUNG_CL05B104KO5NNNC_100nF-104-10-16V_C1525.html","0402","X7R","± 10%","16V","Samsung Electro-Mechanics"
"C2","Ceramic Capacitor, SMD","1","C1525","100nF","JLCPCB:C0402","https://lcsc.com/product-detail/Multilayer-Ceramic-Capacitors-MLCC-SMD-SMT_SAMSUNG_CL05B104KO5NNNC_100nF-104-10-16V_C1525.html","0402","X7R","± 10%","16V","Samsung Electro-Mechanics"
"C3","Ceramic Capacitor, SMD","1","C1525","100nF","JLCPCB:C0402","https://lcsc.com/product-detail/Multilayer-Ceramic-Capacitors-MLCC-SMD-SMT_SAMSUNG_CL05B104KO5NNNC_100nF-104-10-16V_C1525.html","0402","X7R","± 10%","16V","Samsung Electro-Mechanics"
"C4","Ceramic Capacitor, SMD","1","C1525","100nF","JLCPCB:C0402","https://lcsc.com/product-detail/Multilayer-Ceramic-Capacitors-MLCC-SMD-SMT_SAMSUNG_CL05B104KO5NNNC_100nF-104-10-16V_C1525.html","0402","X7R","± 10%","16V","Samsung Electro-Mechanics"
"C5","Ceramic Capacitor, SMD","1","C1525","100nF","JLCPCB:C0402","https://lcsc.com/product-detail/Multilayer-Ceramic-Capacitors-MLCC-SMD-SMT_SAMSUNG_CL05B104KO5NNNC_100nF-104-10-16V_C1525.html","0402","X7R","± 10%","16V","Samsung Electro-Mechanics"
"C6","Ceramic Capacitor, SMD","1","C1525","100nF","JLCPCB:C0402","https://lcsc.com/product-detail/Multilayer-Ceramic-Capacitors-MLCC-SMD-SMT_SAMSUNG_CL05B104KO5NNNC_100nF-104-10-16V_C1525.html","0402","X7R","± 10%","16V","Samsung Electro-Mechanics"
"C7","Ceramic Capacitor, SMD","1","C1525","100nF","JLCPCB:C0402","https://lcsc.com/product-detail/Multilayer-Ceramic-Capacitors-MLCC-SMD-SMT_SAMSUNG_CL05B104KO5NNNC_100nF-104-10-16V_C1525.html","0402","X7R","± 10%","16V","Samsung Electro-Mechanics"
"C8","Ceramic Capacitor, SMD","1","C1525","100nF","JLCPCB:C0402","https://lcsc.com/product-detail/Multilayer-Ceramic-Capacitors-MLCC-SMD-SMT_SAMSUNG_CL05B104KO5NNNC_100nF-104-10-16V_C1525.html","0402","X7R","± 10%","16V","Samsung Electro-Mechanics"
"C9","Ceramic Capacitor, SMD","1","C1525","100nF","JLCPCB:C0402","https://lcsc.com/product-detail/Multilayer-Ceramic-Capacitors-MLCC-SMD-SMT_SAMSUNG_CL05B104KO5NNNC_100nF-104-10-16V_C1525.html","0402","X7R","± 10%","16V","Samsung Electro-Mechanics"
"C10","Ceramic Capacitor, SMD","1","C77075","10uF","JLCPCB:C0805","https://lcsc.com/product-detail/Multilayer-Ceramic-Capacitors-MLCC-SMD-SMT_muRata_GRM21BR61C106KE15L_10uF-106-10-16V_C77075.html","0805","X5R","± 10%","16V","Murata Electronics"
"C11","Ceramic Capacitor, SMD","1","C77075","10uF","JLCPCB:C0805","https://lcsc.com/product-detail/Multilayer-Ceramic-Capacitors-MLCC-SMD-SMT_muRata_GRM21BR61C106KE15L_10uF-106-10-16V_C77075.html","0805","X5R","± 10%","16V","Murata Electronics"
"C12","Ceramic Capacitor, SMD","1","C77075","10uF","JLCPCB:C0805","https://lcsc.com/product-detail/Multilayer-Ceramic-Capacitors-MLCC-SMD-SMT_muRata_GRM21BR61C106KE15L_10uF-106-10-16V_C77075.html","0805","X5R","± 10%","16V","Murata Electronics"
"C13","Ceramic Capacitor, SMD","1","C52923","1uF","JLCPCB:C0402","https://lcsc.com/product-detail/Multilayer-Ceramic-Capacitors-MLCC-SMD-SMT_SAMSUNG_CL05A105KA5NQNC_1uF-105-10-25V_C52923.html","0402","X5R","± 10%","25V","Samsung Electro-Mechanics"
"C14","Ceramic Capacitor, SMD","1","C52923","1uF","JLCPCB:C0402","https://lcsc.com/product-detail/Multilayer-Ceramic-Capacitors-MLCC-SMD-SMT_SAMSUNG_CL05A105KA5NQNC_1uF-105-10-25V_C52923.html","0402","X5R","± 10%","25V","Samsung Electro-Mechanics"
"C15","Ceramic Capacitor, SMD","1","C1525","100nF","JLCPCB:C0402","https://lcsc.com/product-detail/Multilayer-Ceramic-Capacitors-MLCC-SMD-SMT_SAMSUNG_CL05B104KO5NNNC_100nF-104-10-16V_C1525.html","0402","X7R","± 10%","16V","Samsung Electro-Mechanics"
"C16","Ceramic Capacitor, SMD","1","C77075","10uF","JLCPCB:C0805","https://lcsc.com/product-detail/Multilayer-Ceramic-Capacitors-MLCC-SMD-SMT_muRata_GRM21BR61C106KE15L_10uF-106-10-16V_C77075.html","0805","X5R","± 10%","16V","Murata Electronics"
"C17","Ceramic Capacitor, SMD","1","C1548","15pF","JLCPCB:C0402","https://lcsc.com/product-detail/Multilayer-Ceramic-Capacitors-MLCC-SMD-SMT_15pF-150-5-50V_C1548.html","0402","C0G","± 5%","50V","FH (Guangdong Fenghua Advanced Tech)"
"C18","Ceramic Capacitor, SMD","1","C1548","15pF","JLCPCB:C0402","https://lcsc.com/product-detail/Multilayer-Ceramic-Capacitors-MLCC-SMD-SMT_15pF-150-5-50V_C1548.html","0402","C0G","± 5%","50V","FH (Guangdong Fenghua Advanced Tech)"
"C19","Ceramic Capacitor, SMD","1","C52923","1uF","JLCPCB:C0402","https://lcsc.com/product-detail/Multilayer-Ceramic-Capacitors-MLCC-SMD-SMT_SAMSUNG_CL05A105KA5NQNC_1uF-105-10-25V_C52923.html","0402","X5R","± 10%","25V","Samsung Electro-Mechanics"
"C20","Ceramic Capacitor, SMD","1","C1525","100nF","JLCPCB:C0402","https://lcsc.com/product-detail/Multilayer-Ceramic-Capacitors-MLCC-SMD-SMT_SAMSUNG_CL05B104KO5NNNC_100nF-104-10-16V_C1525.html","0402","X7R","± 10%","16V","Samsung Electro-Mechanics"
"D1","Schottky Diode","1","C8598","B5819WSL","JLCPCB:SOD-123_L2.7-W1.6-LS3.7-RD-1","https://lcsc.com/product-detail/Schottky-Barrier-Diodes-SBD_B5819W-SL_C8598.html","SOD-123","","","","Jiangsu Changjing Electronics Technology Co., Ltd."
"D2","Schottky Diode","1","C8598","B5819WSL","JLCPCB:SOD-123_L2.7-W1.6-LS3.7-RD-1","https://lcsc.com/product-detail/Schottky-Barrier-Diodes-SBD_B5819W-SL_C8598.html","SOD-123","","","","Jiangsu Changjing Electronics Technology Co., Ltd."
"J1","Right Angle, Type-C, SMD, USB Connector","1","C165948","TYPE-C-31-M-12","JLCPCB:USB-C_SMD-TYPE-C-31-M-12_1","https://lcsc.com/product-detail/USB-Type-C_Korean-Hroparts-Elec-TYPE-C-31-M-12_C165948.html","","","","",""
"J2","Wire To Board Connector, Surface Mount, Vertical","1","C133062","BM08B-GHS-TBT(LF)(SN)","JLCPCB:CONN-SMD_BM08B-GHS-TBT-LF-SN","https://lcsc.com/product-detail/Wire-To-Board-Wire-To-Wire-Connector_JST-Sales-America-BM08B-GHS-TBT-LF-SN_C133062.html","SMD,P=1.25mm","","","","JST"
"J3","Wire To Board Connector, Surface Mount, Vertical","1","C133062","BM08B-GHS-TBT(LF)(SN)","JLCPCB:CONN-SMD_BM08B-GHS-TBT-LF-SN","https://lcsc.com/product-detail/Wire-To-Board-Wire-To-Wire-Connector_JST-Sales-America-BM08B-GHS-TBT-LF-SN_C133062.html","SMD,P=1.25mm","","","","JST"
"J5","Vertical ZIF connector, 12P, P=0.5mm, SMD","1","C262499","AFC11-S12ICA-00","JLCPCB:CONN-SMD-12P_AFC11-S12ICA-00","https://lcsc.com/product-detail/Others_JUSHUO-AFC11-S12ICA-00_C262499.html","SMD,P=0.5mm","","","","JUSHUO"
"Q1","Bipolar Transistor (BJT), SMD","1","C2146","S8050","JLCPCB:SOT-23-3_L3.0-W1.7-P0.95-LS2.9-BR","https://lcsc.com/product-detail/Transistors-NPN-PNP_S8050-200-350_C2146.html","","","","","Jiangsu Changjing Electronics Technology Co., Ltd."
"R1","Thick Film Resistor, SMD","1","C23186","5.1k","JLCPCB:R0603","https://lcsc.com/product-detail/Chip-Resistor-Surface-Mount-UniOhm_5-1KR-5101-1_C23186.html","0603","±100ppm/℃","± 1%","75V","UNI-ROYAL(Uniroyal Elec)"
"R2","Thick Film Resistor, SMD","1","C23186","5.1k","JLCPCB:R0603","https://lcsc.com/product-detail/Chip-Resistor-Surface-Mount-UniOhm_5-1KR-5101-1_C23186.html","0603","±100ppm/℃","± 1%","75V","UNI-ROYAL(Uniroyal Elec)"
"R3","Thick Film Resistor, SMD","1","C25105","33","JLCPCB:R0402","https://lcsc.com/product-detail/Chip-Resistor-Surface-Mount-UniOhm_33R-33R0-1_C25105.html","0402","±100ppm/℃","± 1%","50V","UNI-ROYAL(Uniroyal Elec)"
"R4","Thick Film Resistor, SMD","1","C25105","33","JLCPCB:R0402","https://lcsc.com/product-detail/Chip-Resistor-Surface-Mount-UniOhm_33R-33R0-1_C25105.html","0402","±100ppm/℃","± 1%","50V","UNI-ROYAL(Uniroyal Elec)"
"R6","Thick Film Resistor, SMD","1","C11702","1k","JLCPCB:R0402","https://lcsc.com/product-detail/Chip-Resistor-Surface-Mount-UniOhm_1KR-1001-1_C11702.html","0402","±100ppm/℃","± 1%","50V","UNI-ROYAL(Uniroyal Elec)"
"R7","Thick Film Resistor, SMD","1","C11702","1k","JLCPCB:R0402","https://lcsc.com/product-detail/Chip-Resistor-Surface-Mount-UniOhm_1KR-1001-1_C11702.html","0402","±100ppm/℃","± 1%","50V","UNI-ROYAL(Uniroyal Elec)"
"R8","Thick Film Resistor, SMD","1","C25079","120","JLCPCB:R0402","https://lcsc.com/product-detail/Chip-Resistor-Surface-Mount-UniOhm_120R-1200-1_C25079.html","0402","±100ppm/℃","± 1%","50V","UNI-ROYAL(Uniroyal Elec)"
"R9","Thick Film Resistor, SMD","1","C25744","10k","JLCPCB:R0402","https://lcsc.com/product-detail/Chip-Resistor-Surface-Mount-UniOhm_10KR-1002-1_C25744.html","0402","±100ppm/℃","± 1%","50V","UNI-ROYAL(Uniroyal Elec)"
"R10","Thick Film Resistor, SMD","1","C25744","10k","JLCPCB:R0402","https://lcsc.com/product-detail/Chip-Resistor-Surface-Mount-UniOhm_10KR-1002-1_C25744.html","0402","±100ppm/℃","± 1%","50V","UNI-ROYAL(Uniroyal Elec)"
"R11","Thick Film Resistor, SMD","1","C17714","47","JLCPCB:R0805","https://lcsc.com/product-detail/Chip-Resistor-Surface-Mount-UniOhm_47R-47R0-1_C17714.html","0805","±100ppm/℃","± 1%","150V","UNI-ROYAL(Uniroyal Elec)"
"R12","Thick Film Resistor, SMD","1","C25879","2.2k","JLCPCB:R0402","https://lcsc.com/product-detail/Chip-Resistor-Surface-Mount-UniOhm_2-2KR-2201-1_C25879.html","0402","±100ppm/℃","± 1%","50V","UNI-ROYAL(Uniroyal Elec)"
"R13","Thick Film Resistor, SMD","1","C25744","10k","JLCPCB:R0402","https://lcsc.com/product-detail/Chip-Resistor-Surface-Mount-UniOhm_10KR-1002-1_C25744.html","0402","±100ppm/℃","± 1%","50V","UNI-ROYAL(Uniroyal Elec)"
"SW1","Push Button","1","C318884","TS-1187A-B-A-B","JLCPCB:SW-SMD_4P-L5.1-W5.1-P3.70-LS6.5-TL_H1.5","https://lcsc.com/product-detail/Tactile-Switches_XKB-Enterprise-TS-1187-B-A-A_C318884.html","","","","","XKB Connection"
"U1","LDO voltage regulator","1","C51118","AP2112K-3.3","JLCPCB:SOT-25-5_L2.9-W1.6-P0.95-LS2.8-BL","https://lcsc.com/product-detail/Low-Dropout-Regulators-LDO_DIODES_AP2112K-3-3TRG1_AP2112K-3-3TRG1_C51118.html","","","","","Diodes Incorporated"
"U2","32Mbit / 4MiB Serial Flash Memory","1","C179173","W25Q32JVSSIQ","JLCPCB:SOIC-8_L5.3-W5.3-P1.27-LS8.0-BL","http://www.winbond.com/resource-files/w25q32jv%20revg%2003272018%20plus.pdf","SOIC-8-208mil","","","","Winbond Elec"
"U3","Microcontroller","1","C2040","RP2040","JLCPCB:LQFN-56_L7.0-W7.0-P0.4-EP","https://www.lcsc.com/datasheet/C2040.pdf?spm=wm.sxq.inf.ggs&lcsc_vid=RgcMUlZeFFAMUAVeE1kMVlYHFFFfAVxTRFJXUVJWT1ExVlNeTlhcUFdSQlZZVzsOAxUeFF5JWBYZEEoKFBINSQcJGk4%3D","LQFN-56","","",""," Raspberry Pi"
"U4","50Mbps Half-Duplex Transceiver, RS485/RS422","1","C2671361","THVD1450DR","JLCPCB:SOIC-8_L4.9-W3.9-P1.27-LS6.0-BL","https://www.ti.com/lit/ds/symlink/thvd1450.pdf","SOIC-8","","","","Texas Instruments"
"Y1","Crystal Oscillator, 12 MHz","1","C20625731","ABM8-272-T3","JLCPCB:CRYSTAL-SMD_4P-L3.2-W2.5-BL","https://www.lcsc.com/datasheet/C20625731.pdf","SMD3225-4P","","","","Abracon LLC"
